id,url,width,height
rkVB1x9E7,https://cdn2.thedogapi.com/images/rkVB1x9E7_1280.jpg,333,500
S17ZilqNm,https://cdn2.thedogapi.com/images/S17ZilqNm_1280.jpg,1920,1280
42QrDrylc,https://cdn2.thedogapi.com/images/42QrDrylc.jpg,3576,2505
hd1iiHXjK,https://cdn2.thedogapi.com/images/hd1iiHXjK.jpg,645,380
WinSPF9rK,https://cdn2.thedogapi.com/images/WinSPF9rK.jpg,1124,1500
sGQvQUpsp,https://cdn2.thedogapi.com/images/sGQvQUpsp.jpg,1080,1080
MtoQ-RDiB,https://cdn2.thedogapi.com/images/MtoQ-RDiB.jpg,600,900
6jNaXEFxv,https://cdn2.thedogapi.com/images/6jNaXEFxv.jpg,1080,720
tmzeu6ID_,https://cdn2.thedogapi.com/images/tmzeu6ID_.jpg,650,585
vNaPsn2qg,https://cdn2.thedogapi.com/images/vNaPsn2qg.jpg,1200,602
